{"cameraMode":{"drawMode":0,"name":"Shaded","section":"Shading Mode"},"sceneLighting":false,"audioPlay":false,"sceneViewState":{"showFog":true,"showMaterialUpdate":false,"showSkybox":false,"showFlares":true,"showImageEffects":true,"showParticleSystems":true},"in2DMode":false,"pivot":{"x":-31.93000030517578,"y":-5.579999923706055,"z":-0.009999997913837433},"rotation":{"x":-0.1436084657907486,"y":0.43653637170791628,"z":-0.07081049680709839,"w":-0.8853239417076111},"size":1.2955386638641358,"orthographic":false}