{"cameraMode":{"drawMode":0,"name":"Shaded","section":"Shading Mode"},"sceneLighting":true,"audioPlay":false,"sceneViewState":{"showFog":true,"showMaterialUpdate":false,"showSkybox":false,"showFlares":true,"showImageEffects":true,"showParticleSystems":true},"in2DMode":false,"pivot":{"x":-35.48057174682617,"y":-6.3520002365112309,"z":-9.851587295532227},"rotation":{"x":-0.1436084657907486,"y":0.43653637170791628,"z":-0.07081049680709839,"w":-0.8853239417076111},"size":41.782344818115237,"orthographic":false}