{"cameraMode":{"drawMode":0,"name":"Shaded","section":"Shading Mode"},"sceneLighting":false,"audioPlay":false,"sceneViewState":{"showFog":true,"showMaterialUpdate":false,"showSkybox":true,"showFlares":true,"showImageEffects":true,"showParticleSystems":true},"in2DMode":false,"pivot":{"x":23.47992706298828,"y":-30.44637680053711,"z":11.766799926757813},"rotation":{"x":-0.13549666106700898,"y":0.8568737506866455,"z":-0.4079200029373169,"w":-0.28462380170822146},"size":6.334538459777832,"orthographic":false}